round,hour,load
0,1,11748.17739
0,2,16234.82834
0,3,18758.60015
0,4,13835.93089
1,1,11254.34142
1,2,16917.59247
1,3,18677.56093
1,4,15160.24628
2,1,11462.57015
2,2,16618.06226
2,3,19841.50957
2,4,15076.81655
3,1,15000
3,2,16200
3,3,18200
3,4,16000
4,1,12200
4,2,16000
4,3,19500
4,4,14000
5,1,15000
5,2,16200
5,3,18200
5,4,16000
6,1,12200
6,2,16000
6,3,19500
6,4,15000
